xs_id,model_column,chainage_m,length_to_next_m,u_m,x_m,y_m
953.6,4,0.0,6319.357678125,0.0,609176.3476920092,1573377.7450700817
953.6,4,0.0,6319.357678125,3643.9699285697993,605914.155147746,1571753.9625234636
953.6,4,0.0,6319.357678125,6042.714971219173,605300.0705608057,1569435.1479738075
949.8,5,6319.357678125,6771.6499218750005,0.0,610919.5555517023,1566840.7155962195
949.8,5,6319.357678125,6771.6499218750005,2453.536197499535,608641.499825968,1565929.4933059295
949.8,5,6319.357678125,6771.6499218750005,4236.138736839524,606918.1011464974,1566385.1044510806
945.6,6,13091.0076,4632.44178046875,0.0,608958.4467095494,1558956.6618671506
945.6,6,13091.0076,4632.44178046875,3992.6599333325566,605075.8473856855,1559887.6933376691
942.7,7,17723.44938046875,5759.256721875,0.0,609077.3017908906,1555014.6350026194
942.7,7,17723.44938046875,5759.256721875,3051.186436854943,606026.6880364267,1554955.2074619487
942.7,7,17723.44938046875,5759.256721875,4272.6251786270495,604818.3280427747,1555133.4900839604
942.7,7,17723.44938046875,5759.256721875,6117.854866523662,603213.7844446483,1556044.7123742595
939.2,8,23482.706102343756,5650.5044390625,0.0,609575.0846763169,1550024.3771858024
939.2,8,23482.706102343756,5650.5044390625,1974.0235353386236,607607.213474914,1549868.5970847572
939.2,8,23482.706102343756,5650.5044390625,3269.304674512287,606422.8716409012,1549344.1026989531
939.2,8,23482.706102343756,5650.5044390625,6886.86605601338,602817.6008401706,1549046.0672153507
935.7,9,29133.210541406253,4620.24978046875,0.0,609057.492610668,1543604.54719371
935.7,9,29133.210541406253,4620.24978046875,874.5236408604388,608205.6978610455,1543802.6389959503
935.7,9,29133.210541406253,4620.24978046875,2281.530517161811,607056.765408064,1544614.815385131
935.7,9,29133.210541406253,4620.24978046875,7273.473253426043,602441.2264159188,1546516.4966866102
932.8,10,33753.460321875005,4754.6055609375,0.0,607976.8477955905,1540433.259522788
932.8,10,33753.460321875005,4754.6055609375,2274.8757585923413,605790.3758071699,1541061.2887109506
932.8,10,33753.460321875005,4754.6055609375,7127.309779946871,600952.2250242764,1540689.1232661125
930.1,11,38508.0658828125,6529.0600781250005,0.0,607855.069693524,1536520.053603408
930.1,11,38508.0658828125,6529.0600781250005,990.8528337067056,606886.4940146123,1536728.9900039085
930.1,11,38508.0658828125,6529.0600781250005,2678.638831273893,605217.5627469282,1536980.5876824565
930.1,11,38508.0658828125,6529.0600781250005,3847.8170652972335,604072.4815144283,1536744.4263354547
926.1,12,45037.12596093751,6507.266878125,0.0,610827.4119707411,1529091.1804489223
926.1,12,45037.12596093751,6507.266878125,7595.888409714899,603493.6663476118,1531069.5450914619
926.1,12,45037.12596093751,6507.266878125,8961.294293961524,602238.7856733543,1531607.7041566696
926.1,12,45037.12596093751,6507.266878125,10217.749880711915,601044.9881393539,1531999.5388208227
922.2,13,51544.39283906251,4541.76378046875,0.0,602513.331831932,1524028.5210211503
922.2,13,51544.39283906251,4541.76378046875,1271.541313574549,601646.8782889439,1524959.156308069
922.2,13,51544.39283906251,4541.76378046875,2703.920545519078,600334.3837931613,1525532.8083537486
919.3,14,56086.156619531255,5091.5619609375,0.0,597437.4856222798,1522436.791604327
919.3,14,56086.156619531255,5091.5619609375,1574.6663875566103,597439.9136386192,1524011.4592693166
919.3,14,56086.156619531255,5091.5619609375,3302.4641401325057,597677.3039296246,1525722.8747258086
916.2,15,61177.718580468754,4166.52461953125,0.0,593113.4903423775,1525639.683090483
916.2,15,61177.718580468754,4166.52461953125,3219.17760064156,594904.5365456602,1528314.6222252527
913.6,16,65344.2432,4925.385239062501,0.0,590851.6419656358,1525169.47344057
913.6,16,65344.2432,4925.385239062501,856.0710503326673,590278.8531523251,1525805.691602841
913.6,16,65344.2432,4925.385239062501,1871.6722431687424,589694.1133900889,1526636.0706242193
913.6,16,65344.2432,4925.385239062501,6307.425685575799,587330.8090936429,1530389.8394114648
909.8,17,70269.62843906251,5642.5796390625,0.0,586652.0816811146,1522412.440790862
909.8,17,70269.62843906251,5642.5796390625,498.7697432923979,586174.0336266843,1522554.7162615778
909.8,17,70269.62843906251,5642.5796390625,1560.4652237337632,585154.9485456012,1522852.4869779123
909.8,17,70269.62843906251,5642.5796390625,2568.176624467662,584221.50647733,1523232.1871679197
906.9,18,75912.20807812501,6032.814721875,0.0,585481.2539465135,1518148.8710075237
906.9,18,75912.20807812501,6032.814721875,1910.199230182346,583574.0234707665,1518255.3961541285
906.9,18,75912.20807812501,6032.814721875,4851.284926848172,582516.0735498104,1520999.6194759312
903.2,19,81945.0228,5277.337560937501,0.0,584341.1997329886,1511445.981500513
903.2,19,81945.0228,5277.337560937501,2828.6477578773515,582061.9478338796,1513121.1802718954
903.2,19,81945.0228,5277.337560937501,10665.734458929945,581792.5944844998,1520953.652577205
899.6,20,87222.36036093751,5394.137278125,0.0,577565.6754914097,1509383.8894760835
899.6,20,87222.36036093751,5394.137278125,1927.536824128258,578459.1579306385,1511091.8421103205
899.6,20,87222.36036093751,5394.137278125,7279.57193312221,580709.0557261631,1515948.008735866
899.6,20,87222.36036093751,5394.137278125,12347.720812064366,581502.6334083262,1520953.652577205
896.3,21,92616.49763906252,8098.993200000001,0.0,577163.772319297,1515462.3935927334
896.3,21,92616.49763906252,8098.993200000001,369.4170523063221,577526.4291886177,1515392.0409129935
896.3,21,92616.49763906252,8098.993200000001,1450.953696362728,578567.0492538075,1515097.3613051798
896.3,21,92616.49763906252,8098.993200000001,3283.7999880508,580153.5513486462,1516015.1576166616
896.3,21,92616.49763906252,8098.993200000001,8231.621716627436,580969.781151557,1520895.1992856094
891.3,22,100715.4908390625,7632.0092390625,0.0,576374.9006928037,1520831.5637030276
891.3,22,100715.4908390625,7632.0092390625,955.4946658701164,576802.2117524318,1521686.185822281
891.3,22,100715.4908390625,7632.0092390625,2888.417379256547,577733.1394180462,1523380.1689515135
886.9,23,108347.500078125,7395.0576,0.0,573969.2646314249,1518710.269514164
886.9,23,108347.500078125,7395.0576,2216.80115427232,572064.7396513061,1519844.7348572111
886.9,23,108347.500078125,7395.0576,4871.044361354673,569703.6077138907,1521057.2080142635
886.9,23,108347.500078125,7395.0576,6032.481225466256,568618.7633102149,1521472.001462728
882.5,24,115742.557678125,6112.489560937501,0.0,576137.4964047509,1514137.4231620098
882.5,24,115742.557678125,6112.489560937501,2389.0298153694425,573755.8206335068,1514324.7912737986
882.5,24,115742.557678125,6112.489560937501,3898.9861960768617,572597.2545209765,1513356.4411540404
882.5,24,115742.557678125,6112.489560937501,5760.320021901607,570833.038144825,1512763.0457988386
878.7,25,121855.04723906252,6729.953639062501,0.0,578531.2450787046,1508493.3030986334
878.7,25,121855.04723906252,6729.953639062501,4243.323772313923,574288.6395838629,1508414.7710973513
878.7,25,121855.04723906252,6729.953639062501,5288.979943109189,573496.2723749109,1509097.087305059
878.7,25,121855.04723906252,6729.953639062501,8707.859389024961,570150.7219371146,1509801.413713021
874.5,26,128585.000878125,5742.980878125,0.0,579215.2453293818,1504795.9004811083
874.5,26,128585.000878125,5742.980878125,3916.439121728887,575649.2818648483,1503176.498950299
874.5,26,128585.000878125,5742.980878125,5056.905790316491,574693.3344544435,1502554.5391659304
874.5,26,128585.000878125,5742.980878125,6247.71810318047,573548.9595536358,1502225.228183692
871.0,27,134327.98175625,5455.797960937501,0.0,576770.8782963414,1497254.1410609093
871.0,27,134327.98175625,5455.797960937501,2256.797594383788,574703.292491686,1498158.7098504475
871.0,27,134327.98175625,5455.797960937501,5293.97055999179,572454.7929291237,1500200.4508325425
867.6,28,139783.77971718748,5425.8668390625,0.0,574090.5477816255,1493161.7023250293
867.6,28,139783.77971718748,5425.8668390625,3875.600408694177,571317.2625502952,1495868.956955619
867.6,28,139783.77971718748,5425.8668390625,5616.073605376608,571603.3951535281,1497585.7525750103
867.6,28,139783.77971718748,5425.8668390625,7889.947521748937,571427.3135515368,1499852.8032006186
864.2,29,145209.64655625,6029.492878125,0.0,574005.4822826152,1492808.831580902
864.2,29,145209.64655625,6029.492878125,5460.590931672739,568733.1384807448,1494230.2968216015
864.2,29,145209.64655625,6029.492878125,7913.1221531116,566303.7251602754,1494566.279514858
864.2,29,145209.64655625,6029.492878125,8952.06908384983,565269.9322579508,1494669.6588050935
860.4,30,151239.139434375,6533.997600000001,0.0,574178.5885826213,1492149.233113591
860.4,30,151239.139434375,6533.997600000001,2872.557286204084,571713.4461547695,1490674.5496969318
860.4,30,151239.139434375,6533.997600000001,3980.3046370174175,570987.1095465644,1489838.162087479
860.4,30,151239.139434375,6533.997600000001,13328.015655026837,561940.9172443647,1492193.253514089
856.4,31,157773.137034375,5379.4152,0.0,574703.292491686,1484150.8160239095
856.4,31,157773.137034375,5379.4152,3720.089976107211,571009.1824279065,1484589.7643391585
856.4,31,157773.137034375,5379.4152,4930.72083210971,570509.471581847,1485692.4528728626
856.4,31,157773.137034375,5379.4152,15696.261313712444,561341.5192291044,1491335.6766950854
852.5,32,163152.55223437498,7201.692360937501,0.0,574688.5649223826,1481932.5383621713
852.5,32,163152.55223437498,7201.692360937501,9540.762641646,565522.4533203169,1484579.9737227436
852.5,32,163152.55223437498,7201.692360937501,11287.798571923018,565706.1213667939,1486317.3317166402
852.5,32,163152.55223437498,7201.692360937501,17631.98876406354,560840.4072319309,1490388.4170937017
848.4,33,170354.24459531248,6236.878321875,0.0,574490.0332146934,1480945.3244214072
848.4,33,170354.24459531248,6236.878321875,11205.816989816109,563325.0698695565,1481901.58285606
848.4,33,170354.24459531248,6236.878321875,12543.018541264004,562317.1217897892,1481022.858889082
844.5,34,176591.1229171875,6868.576321875001,0.0,574756.2876882124,1480275.7154298744
844.5,34,176591.1229171875,6868.576321875001,6511.058918594423,568476.9028049825,1478554.267404015
844.5,34,176591.1229171875,6868.576321875001,8712.874543634982,567081.8720758933,1476850.7707930424
840.7,35,183459.6992390625,7172.2791609375,0.0,573378.7058446909,1472338.9985095323
840.7,35,183459.6992390625,7172.2791609375,5449.570802404759,568054.6723977058,1473502.0155246493
836.3,36,190631.9784,5721.035278125,0.0,568786.2004912014,1466063.7612276576
836.3,36,190631.9784,5721.035278125,3044.814507637066,566332.2202484165,1467866.2354820177
836.3,36,190631.9784,5721.035278125,5142.544341378617,565418.5004967691,1469754.5162537128
836.3,36,190631.9784,5721.035278125,5745.294916297509,565106.5210644339,1470270.2473295676
832.8,37,196353.013678125,5097.688321875,0.0,566972.622875683,1462767.8682898555
832.8,37,196353.013678125,5097.688321875,3421.4177385801468,563940.8961001585,1464353.6737397693
832.8,37,196353.013678125,5097.688321875,4464.368991456282,562897.9427613757,1464353.6737397693
832.8,37,196353.013678125,5097.688321875,5033.472121298758,562368.4433739944,1464562.2644075297
829.5,38,201450.702,6571.091521875001,0.0,564879.7203611796,1459125.7499225899
829.5,38,201450.702,6571.091521875001,1601.464392194075,563279.1473755245,1459179.2716550003
829.5,38,201450.702,6571.091521875001,3823.000993268943,561261.0866164694,1460108.0748546266
829.5,38,201450.702,6571.091521875001,5980.374533595264,559299.2403020483,1461005.5369698105
825.6,39,208021.793521875,6469.014478125,0.0,566317.6554491705,1455393.3757919786
825.6,39,208021.793521875,6469.014478125,4736.99751949587,561828.4097708124,1453881.4536723231
825.6,39,208021.793521875,6469.014478125,6473.904570470339,560200.185949649,1453276.684824463
821.6,40,214490.808,5317.0836,0.0,568383.8662396353,1452668.6126957603
821.6,40,214490.808,5317.0836,2922.258272968308,566552.9600730191,1450391.024018792
821.6,40,214490.808,5317.0836,4270.418192853989,565725.8123063165,1449326.4259670428
821.6,40,214490.808,5317.0836,6592.136578082342,563443.4875847397,1449752.3269968098
818.2,41,219807.8916,5988.649678125001,0.0,574970.502041651,1440902.1837836036
818.2,41,219807.8916,5988.649678125001,7938.816982915857,568504.1274375911,1445507.7311634726
818.2,41,219807.8916,5988.649678125001,8674.372056862865,567806.3172285203,1445740.3345664944
818.2,41,219807.8916,5988.649678125001,14464.830534977642,563293.8112098625,1449368.9476536652
814.5,42,225796.541278125,5225.582878125,0.0,572857.6023942962,1438313.4718561799
814.5,42,225796.541278125,5225.582878125,11341.36665897416,563359.6893280233,1444511.5973459345
814.5,42,225796.541278125,5225.582878125,13273.2544264371,563940.2131941458,1446354.203466553
814.5,42,225796.541278125,5225.582878125,16302.787846070843,562864.9714814051,1449186.5107790215
811.2,43,231022.12415625,5479.5723609375,0.0,572504.9059696002,1437901.5998845985
811.2,43,231022.12415625,5479.5723609375,14518.075919135805,559851.2808451134,1445019.2640171207
811.2,43,231022.12415625,5479.5723609375,17400.194336090848,558618.4828090881,1447624.4221309882
808.1,44,236501.6965171875,6940.0519218750005,0.0,572016.4388232483,1437296.8310367358
808.1,44,236501.6965171875,6940.0519218750005,14632.869459850412,558548.7017881798,1443018.8747511192
808.1,44,236501.6965171875,6940.0519218750005,16841.84049989679,556614.380804315,1441952.1156848744
808.1,44,236501.6965171875,6940.0519218750005,19034.306426197392,554431.6215546599,1442158.242159932
804.0,45,243441.7484390625,6747.845160937501,0.0,571720.4087147807,1436802.1047724388
804.0,45,243441.7484390625,6747.845160937501,8767.113121557388,563506.095782536,1439866.0308465064
804.0,45,243441.7484390625,6747.845160937501,10532.258794093526,562463.6983539517,1438441.5452168323
804.0,45,243441.7484390625,6747.845160937501,20248.25005741608,552879.6773019304,1440037.6042089907
800.1,46,250189.5936,6482.242321875,0.0,565447.5016439146,1429450.697889391
800.1,46,250189.5936,6482.242321875,6318.870141110246,560957.4207931868,1433896.7583396211
800.1,46,250189.5936,6482.242321875,7716.388429171795,560110.8216691441,1435008.6644061976
800.1,46,250189.5936,6482.242321875,16552.3319771048,551801.1774897455,1438012.6657861203
795.9,47,256671.835921875,6335.7555609375,0.0,563762.2241985765,1425141.2685410779
795.9,47,256671.835921875,6335.7555609375,9130.943769568526,555915.1411154829,1429810.0751024578
795.9,47,256671.835921875,6335.7555609375,11127.564043279215,554777.1244237369,1431450.6318593905
795.9,47,256671.835921875,6335.7555609375,13899.22343866699,552791.8115729094,1433384.710300627
792.0,48,263007.5914828125,6113.7087609375,0.0,558419.0337554981,1419947.9297432676
792.0,48,263007.5914828125,6113.7087609375,10512.535409754262,550302.558081083,1426628.9974291166
792.0,48,263007.5914828125,6113.7087609375,11900.146678910569,549944.0562278983,1427969.5007515429
792.0,48,263007.5914828125,6113.7087609375,15124.200489575003,549461.7756431872,1431157.2852470644
788.1,49,269121.30024375,6412.0472390625,0.0,556072.6493222484,1418290.0563348115
788.1,49,269121.30024375,6412.0472390625,12764.07879672608,544950.3794674107,1424552.4418622272
788.1,49,269121.30024375,6412.0472390625,14612.672657908031,544023.7930456246,1426152.05135701
788.1,49,269121.30024375,6412.0472390625,16533.52326650996,543090.5881926949,1427830.9827200344
784.7,50,275533.3474828125,6440.5460390625,0.0,553955.9583547331,1417499.2047645296
784.7,50,275533.3474828125,6440.5460390625,10058.232023109476,544332.3625693289,1420424.07061841
784.7,50,275533.3474828125,6440.5460390625,12446.344895889444,542046.6641199228,1419732.1974335557
780.8,51,281973.89352187497,5998.7384390625,0.0,552371.9657340564,1416622.7670631944
780.8,51,281973.89352187497,5998.7384390625,3742.8787853163817,548701.2241762265,1417354.1042316242
780.8,51,281973.89352187497,5998.7384390625,5022.003458009282,547979.3958075194,1416298.1069403961
780.8,51,281973.89352187497,5998.7384390625,8339.870984737734,544686.8822492141,1415888.6641160524
777.1,52,287972.63196093746,4603.8212390625,0.0,552153.3406937221,1409861.6196680802
777.1,52,287972.63196093746,4603.8212390625,4844.8348722029605,547883.3618454833,1412150.6804939404
777.1,52,287972.63196093746,4603.8212390625,5918.154447989795,546936.9232347889,1412656.9150996597
777.1,52,287972.63196093746,4603.8212390625,8914.44738782761,543943.5360009724,1412788.97630115
774.4,53,292576.4532,4391.2839609375005,0.0,550257.5642466568,1407729.861837537
774.4,53,292576.4532,4391.2839609375005,7569.930299077968,542697.9536483912,1408125.287622678
771.7,54,296967.7371609375,6713.0979609375,0.0,549489.9730166807,1403380.1782009958
771.7,54,296967.7371609375,6713.0979609375,638.705812700041,548861.9438285151,1403496.4799025063
771.7,54,296967.7371609375,6713.0979609375,2889.0716179284477,546628.951159489,1403775.6039861368
771.7,54,296967.7371609375,6713.0979609375,6567.729547859306,543512.0655589728,1405729.4725715327
767.7,55,303680.835121875,5865.540839062501,0.0,543459.3115955022,1399494.8153509605
767.7,55,303680.835121875,5865.540839062501,2318.6004627600323,542666.9443865502,1401673.8251755794
767.7,55,303680.835121875,5865.540839062501,6057.024040283708,543217.1993927672,1405371.5388173494
764.2,56,309546.37596093747,4948.94621953125,0.0,543372.5035171593,1398053.560271753
764.2,56,309546.37596093747,4948.94621953125,4621.7799877261095,539092.6009015229,1399798.0857944305
764.2,56,309546.37596093747,4948.94621953125,6099.129123954744,537859.8028654975,1400612.1977050148
764.2,56,309546.37596093747,4948.94621953125,9828.980876168813,534300.9707992349,1401728.6940395269
761.4,57,314495.3221804687,6601.450078125,0.0,543239.209593016,1396875.6015213698
761.4,57,314495.3221804687,6601.450078125,3411.645215147454,539915.6693554656,1396105.2445126695
761.4,57,314495.3221804687,6601.450078125,4978.236542345039,538485.006339304,1395466.9487054597
761.4,57,314495.3221804687,6601.450078125,10999.734197242764,532806.3746751496,1397469.8769280813
757.4,58,321096.7722585937,7055.358,0.0,540746.5254074646,1387795.124440481
757.4,58,321096.7722585937,7055.358,3564.859657816972,537953.730255993,1390010.6538252772
757.4,58,321096.7722585937,7055.358,4670.8227393370535,537468.2557104689,1391004.3709359106
757.4,58,321096.7722585937,7055.358,14392.59853423939,529407.7873578623,1396439.6402572792
753.1,59,328152.1302585937,5263.743600000001,0.0,535929.1946204012,1383399.5458812648
753.1,59,328152.1302585937,5263.743600000001,3142.5509133629284,533649.6812707696,1385562.7575293828
753.1,59,328152.1302585937,5263.743600000001,4527.466539256851,532440.143575047,1386237.307398154
753.1,59,328152.1302585937,5263.743600000001,14307.85998594488,522856.883370474,1388191.17598355
749.8,60,333415.8738585937,5470.580760937501,0.0,535178.1875200447,1380343.2175699018
749.8,60,333415.8738585937,5470.580760937501,4162.036887086883,531061.977455244,1380959.2005585616
749.8,60,333415.8738585937,5470.580760937501,7694.781587115069,527529.2681799289,1380976.527213449
746.5,61,338886.4546195312,6325.8192,0.0,534220.9784889357,1375841.7007428263
746.5,61,338886.4546195312,6325.8192,8965.828565903945,525308.4906738654,1374864.9897493932
742.6,62,345212.2738195312,6860.682478125001,0.0,535403.8809227961,1370534.0225865827
742.6,62,345212.2738195312,6860.682478125001,3958.108782815802,531767.8169547158,1368970.1406782148
738.4,63,352072.9562976562,6577.4316,0.0,537522.1550779935,1363596.1716704362
738.4,63,352072.9562976562,6577.4316,7144.543681917754,530393.0184726766,1363127.002336194
734.3,64,358650.3878976562,5567.903639062501,0.0,535930.2227274423,1356307.4808741764
734.3,64,358650.3878976562,5567.903639062501,2350.404314995202,534068.3673962133,1357742.0251457798
734.3,64,358650.3878976562,5567.903639062501,6258.700735064201,530878.795558284,1360000.669318092
730.8,65,364218.29153671867,6707.7336000000005,0.0,531927.6507081717,1351163.2526936023
730.8,65,364218.29153671867,6707.7336000000005,6471.962482706796,529548.9286151933,1357182.2349271392
730.8,65,364218.29153671867,6707.7336000000005,8163.29708462219,529502.9905274464,1358872.948939093
726.6,66,370926.0251367186,6629.5827609375,0.0,530056.5637140473,1351469.5559419903
726.6,66,370926.0251367186,6629.5827609375,3997.969256150879,526408.0781138024,1353104.2959620417
726.6,66,370926.0251367186,6629.5827609375,5552.306970615345,524854.0206743714,1353074.6165171762
722.4,67,377555.60789765615,6081.826800000001,0.0,526363.4375634574,1345762.5790168606
722.4,67,377555.60789765615,6081.826800000001,1715.321940159983,524890.2826776408,1346641.3029838381
722.4,67,377555.60789765615,6081.826800000001,2522.7383933592314,524270.00693624496,1347158.1994350022
722.4,67,377555.60789765615,6081.826800000001,4628.254630992225,522693.4727601961,1348553.819853144
718.6,68,383637.43469765614,5572.9328390625005,0.0,520414.63193515374,1341960.1519009592
718.6,68,383637.43469765614,5572.9328390625005,2432.8939901559893,519248.09132197616,1344095.1413250798
718.6,68,383637.43469765614,5572.9328390625005,6220.240098938036,519358.1423232176,1347880.8957678517
715.3,69,389210.3675367186,5786.323200000001,0.0,519798.8526336805,1340748.683440572
715.3,69,389210.3675367186,5786.323200000001,6042.648921450109,513932.07791297144,1342195.9935038316
711.8,70,394996.6907367186,4648.504800000001,0.0,519886.3871291856,1339340.938071371
711.8,70,394996.6907367186,4648.504800000001,3518.3219240397925,518037.5303082977,1336347.5508375606
708.9,71,399645.1955367186,6025.8352781250005,0.0,521995.6625511252,1334365.0122687023
708.9,71,399645.1955367186,6025.8352781250005,3518.3078067284664,518480.76668321056,1334209.9433333525
705.0,72,405671.0308148436,6738.091560937501,0.0,518803.89718256844,1328566.290770725
705.0,72,405671.0308148436,6738.091560937501,3532.6126286705817,517465.2651018349,1331835.4597865809
701.0,73,412409.1223757811,4388.60178046875,0.0,513809.5767933361,1324528.0733040213
701.0,73,412409.1223757811,4388.60178046875,3162.4835756679204,512135.8040408351,1327211.3226671412
698.3,74,416797.7241562499,5092.080478125,0.0,509977.82006157073,1322140.41119868
698.3,74,416797.7241562499,5092.080478125,3909.9986604078367,508375.4410629617,1325706.9967117095
695.1,75,421889.8046343749,4290.639239062501,0.0,507449.6264550846,1319831.3893849559
695.1,75,421889.8046343749,4290.639239062501,3009.0181257653267,504817.0692034748,1321288.7392451644
695.1,75,421889.8046343749,4290.639239062501,4428.804750189296,504323.18048616406,1322619.8575933992
695.1,75,421889.8046343749,4290.639239062501,11792.130995839872,500866.7370256429,1329121.5334449816
692.5,76,426180.4438734374,4918.2528,0.0,508142.83765994,1317178.2052675092
692.5,76,426180.4438734374,4918.2528,6693.795654951932,501810.8561331847,1319349.1703623966
692.5,76,426180.4438734374,4918.2528,7976.956645153215,500673.6839406249,1319943.6012812355
689.6,77,431098.69667343743,5310.622078125,0.0,507978.8687946599,1315878.0646062992
689.6,77,431098.69667343743,5310.622078125,4693.533572253696,503312.70634194365,1315371.8300005805
689.6,77,431098.69667343743,5310.622078125,5615.336153065126,502542.34933324356,1314865.5953948612
689.6,77,431098.69667343743,5310.622078125,13380.305903705632,496071.3504601372,1319157.5844433517
686.2,78,436409.3187515624,6448.561921875001,0.0,502896.33868062694,1310045.034241451
686.2,78,436409.3187515624,6448.561921875001,859.1199917812821,502276.0629392309,1310639.4651602893
686.2,78,436409.3187515624,6448.561921875001,3125.9583473622083,501190.58039178874,1312629.51649727
686.2,78,436409.3187515624,6448.561921875001,11235.164491715686,494341.7024138695,1316971.4466870448
682.1,79,442857.88067343744,6980.316478125001,0.0,504105.0735508956,1306039.5050951506
682.1,79,442857.88067343744,6980.316478125001,9679.86661249686,495853.93003422813,1311101.0091308581
682.1,79,442857.88067343744,6980.316478125001,11098.630975953532,496277.7980163535,1312454.979700825
682.1,79,442857.88067343744,6980.316478125001,13260.561576635318,495066.7060054397,1314245.8506506975
677.8,80,449838.1971515624,6737.573639062501,0.0,504726.19131377805,1302388.804454697
677.8,80,449838.1971515624,6737.573639062501,11758.686399127446,494063.59008159104,1307346.2426908102
677.8,80,449838.1971515624,6737.573639062501,13187.359145037495,492634.92213264114,1307341.5660470217
677.8,80,449838.1971515624,6737.573639062501,22504.20587379277,483427.6756934448,1308766.554885784
673.7,81,456575.77079062496,6183.4776,0.0,502465.9107098755,1298847.8446360903
673.7,81,456575.77079062496,6183.4776,9832.210321953684,492861.84701850044,1300953.7190667586
673.7,81,456575.77079062496,6183.4776,10984.84829521464,491713.1882381377,1301049.4406317887
673.7,81,456575.77079062496,6183.4776,15679.100969943183,487022.83155165357,1301240.883761849
670.0,82,462759.24839062494,4425.2388,0.0,498248.56373317866,1295397.6837268167
670.0,82,462759.24839062494,4425.2388,4201.285615624642,494050.12047919125,1295552.427613667
670.0,82,462759.24839062494,4425.2388,7307.857400331894,491316.4747213076,1294076.6201305543
667.1,83,467184.4871906249,7185.964800000001,0.0,499400.0754620483,1292716.5242899233
667.1,83,467184.4871906249,7185.964800000001,2464.5695746618626,496975.2547665492,1292275.6477998334
667.1,83,467184.4871906249,7185.964800000001,4692.173406572249,495059.137713461,1291139.5429984436
667.1,83,467184.4871906249,7185.964800000001,7443.194475933369,492329.09483251104,1290800.4072368352
662.8,84,474370.45199062495,5767.0904390625,0.0,496731.6564675956,1285305.8964609113
662.8,84,474370.45199062495,5767.0904390625,3011.5114362322547,493835.7443739914,1286132.292584806
662.8,84,474370.45199062495,5767.0904390625,4183.095003526409,492734.11029510084,1286531.0605647508
659.3,85,480137.54242968746,6215.2988390625005,0.0,495794.65219612396,1281102.5053597582
659.3,85,480137.54242968746,6215.2988390625005,1896.293406574472,493906.0761239909,1280931.55657403
659.3,85,480137.54242968746,6215.2988390625005,3759.141302990607,492104.7972457689,1280456.5717649003
655.5,86,486352.84126875,5627.6444390625,0.0,494245.2118855992,1274250.582070342
655.5,86,486352.84126875,5627.6444390625,410.12916800324655,493889.11933591065,1274454.0635273082
655.5,86,486352.84126875,5627.6444390625,2233.6702108195623,492312.13804443076,1275369.7300836516
655.5,86,486352.84126875,5627.6444390625,2861.2992184877453,491922.1319185816,1275861.4769379823
652.0,87,491980.4857078125,4956.7796390625,0.0,489189.5746661682,1270834.079345523
652.0,87,491980.4857078125,4956.7796390625,1830.766244744505,488564.68787865894,1272554.9032623002
652.0,87,491980.4857078125,4956.7796390625,2289.470934461355,488361.0457481423,1272965.9272478404
648.9,88,496937.26534687495,5644.804321875,0.0,488147.6783706172,1266905.36905303
648.9,88,496937.26534687495,5644.804321875,3864.334104595112,484912.1789340655,1269018.3482768992
648.9,88,496937.26534687495,5644.804321875,5385.584646106548,484119.81172511354,1270316.9500915702
648.9,88,496937.26534687495,5644.804321875,7256.96573988143,484163.83212561137,1272187.8171127103
645.5,89,502582.06966874993,6961.6016390625,0.0,487201.2397599258,1263625.8492159806
645.5,89,502582.06966874993,6961.6016390625,9562.248417255138,479141.7864662698,1268771.9324982597
645.5,89,502582.06966874993,6961.6016390625,10969.876816726126,479181.01097013976,1270179.0170994787
645.5,89,502582.06966874993,6961.6016390625,11882.229814693448,478780.52378975775,1270998.7739785665
641.3,90,509543.6713078125,6141.323521875001,0.0,483274.8169638517,1263236.6132960801
641.3,90,509543.6713078125,6141.323521875001,3673.620304765069,479989.8338374824,1264881.1272015118
641.3,90,509543.6713078125,6141.323521875001,4651.016750689038,479139.5712387493,1264399.0886688952
641.3,90,509543.6713078125,6141.323521875001,6238.864824847397,477561.8479449876,1264220.033370157
638.0,91,515684.99482968746,5223.632039062501,0.0,481828.58287940355,1257662.428910527
638.0,91,515684.99482968746,5223.632039062501,2511.5999905396457,479636.1329835256,1258887.713856634
638.0,91,515684.99482968746,5223.632039062501,4579.442015985137,478187.13357343967,1260362.9726324778
638.0,91,515684.99482968746,5223.632039062501,6914.436750175184,476941.05039404926,1262337.6875302799
635.2,92,520908.62686875,6219.444,0.0,482336.9855049723,1253369.0959001088
635.2,92,520908.62686875,6219.444,9468.89609182428,474391.30321520654,1258519.482758289
635.2,92,520908.62686875,6219.444,12370.899925651776,474875.52762067673,1261380.8087906213
631.4,93,527128.07086875,5920.800721875,0.0,480335.9189959461,1248808.5650444562
631.4,93,527128.07086875,5920.800721875,10183.475648556549,472140.7453331765,1254853.6225078509
631.4,93,527128.07086875,5920.800721875,11310.682112814837,471022.8046699691,1254997.872877021
631.4,93,527128.07086875,5920.800721875,12637.846990431866,470004.3536814345,1255848.8318900296
627.7,94,533048.871590625,5673.943678125001,0.0,475695.5575956972,1243984.6657134013
627.7,94,533048.871590625,5673.943678125001,7494.983551874112,470268.1448584801,1249153.6302250365
627.7,94,533048.871590625,5673.943678125001,8372.184163364736,469647.8691170811,1249773.9059664323
627.7,94,533048.871590625,5673.943678125001,16953.270834682804,462307.9395105583,1254219.2154464396
624.2,95,538722.8152687501,5786.1404390625,0.0,469328.95715801266,1242187.9141737912
624.2,95,538722.8152687501,5786.1404390625,7395.445245828342,464244.600900573,1247558.403034461
620.8,96,544508.9557078126,6669.694321875,0.0,468459.00727940665,1240521.4594906042
620.8,96,544508.9557078126,6669.694321875,5773.110945381985,462798.99113916483,1241658.6316831638
620.8,96,544508.9557078126,6669.694321875,7908.865014964651,460808.9398021844,1242433.9763599096
620.8,96,544508.9557078126,6669.694321875,8814.90763578914,459904.3710126492,1242485.6660050242
616.9,97,551178.6500296876,5546.018760937501,0.0,468514.5797488117,1238996.4351377313
616.9,97,551178.6500296876,5546.018760937501,2783.479927402234,465939.3863197186,1237939.9455257894
616.9,97,551178.6500296876,5546.018760937501,5118.839443455476,464244.600900573,1236333.2009076395
613.6,98,556724.6687906251,7137.714721875001,0.0,470604.1275517338,1232974.771303614
613.6,98,556724.6687906251,7137.714721875001,1860.8235025335125,468743.30032754585,1232974.771303614
613.6,98,556724.6687906251,7137.714721875001,3509.428193018663,467140.92132893985,1232587.0989652425
613.6,98,556724.6687906251,7137.714721875001,6216.351802632873,464478.90460544574,1233078.150593846
609.4,99,563862.3835125001,6043.0564781250005,0.0,463681.84449381765,1228064.8793466385
609.4,99,563862.3835125001,6043.0564781250005,1023.3068016529415,463315.88759032864,1229020.5134522133
609.4,99,563862.3835125001,6043.0564781250005,2263.8558033420445,463315.88759032864,1230261.0649350055
609.4,99,563862.3835125001,6043.0564781250005,3688.9946729071567,463295.16968905664,1231686.056054353
605.6,100,569905.4399906251,6414.6380390625,0.0,462961.33757513843,1225442.141918987
605.6,100,569905.4399906251,6414.6380390625,5244.86930570895,458165.1089881494,1227564.6299425724
605.6,100,569905.4399906251,6414.6380390625,6566.553110480896,457276.0341999746,1228542.5875532292
601.7,101,576320.0780296876,6451.2140390625,0.0,463938.20507270616,1223474.085307114
601.7,101,576320.0780296876,6451.2140390625,11653.98751682526,452331.2952618258,1224520.8006207205
601.7,101,576320.0780296876,6451.2140390625,13098.374973437209,451959.1298169906,1225916.421038862
601.7,101,576320.0780296876,6451.2140390625,17067.987913743524,449307.45102252066,1228870.484257262
598.3,102,582771.2920687501,8410.0112390625,0.0,464059.04699530604,1222783.6139590836
598.3,102,582771.2920687501,8410.0112390625,11331.47751287171,452776.9445420544,1221726.7031444348
598.3,102,582771.2920687501,8410.0112390625,12196.3877617431,452493.62734428444,1220909.5103297709
598.3,102,582771.2920687501,8410.0112390625,21621.60275011664,444017.22687205294,1216788.1430868295
593.5,103,591181.3033078127,5465.4908390625005,0.0,457452.9530703917,1216123.45293792
593.5,103,591181.3033078127,5465.4908390625005,1762.1136937166673,455888.62552521116,1216934.5857391243
593.5,103,591181.3033078127,5465.4908390625005,13809.653487219826,443866.4786502353,1216152.4219665339
590.2,104,596646.7941468752,6374.4348,0.0,455921.90811788064,1212153.4996340757
590.2,104,596646.7941468752,6374.4348,1989.469049887388,453939.9925618918,1211980.2551207854
590.2,104,596646.7941468752,6374.4348,3784.860644782245,452339.9196547514,1212794.6325299863
590.2,104,596646.7941468752,6374.4348,12524.9240177994,443643.05346782727,1213662.6946515194
586.6,105,603021.2289468752,6958.644721875,0.0,457052.4793300767,1208221.261135346
586.6,105,603021.2289468752,6958.644721875,2452.531221437343,454907.3590577495,1207032.3992976681
586.6,105,603021.2289468752,6958.644721875,3334.6674303947184,454157.8592035611,1206567.1924916222
586.6,105,603021.2289468752,6958.644721875,12546.76038885141,444982.9471954077,1207394.2268134824
582.6,106,609979.8736687502,4839.24858046875,0.0,457387.0608044989,1199360.68414832
582.6,106,609979.8736687502,4839.24858046875,4311.887660928745,453615.11792984,1201449.9176251017
582.6,106,609979.8736687502,4839.24858046875,5061.102978181036,453375.52968419105,1202159.7931842336
582.6,106,609979.8736687502,4839.24858046875,14145.025296524427,445269.96873113536,1206260.751169091
579.5,107,614819.1222492189,6164.7627609375,0.0,457487.525707681,1194839.3111025277
579.5,107,614819.1222492189,6164.7627609375,9581.444245125036,449340.56936003454,1199882.2807940273
579.5,107,614819.1222492189,6164.7627609375,10974.814522516648,448602.5347236027,1201064.1409258917
579.5,107,614819.1222492189,6164.7627609375,16356.895552298198,444758.28167505615,1204830.920794348
575.7,108,620983.8850101563,5117.2568390625,0.0,454322.9759232421,1188648.0106888514
575.7,108,620983.8850101563,5117.2568390625,10096.464596454856,446696.4415370811,1195264.2768836005
575.7,108,620983.8850101563,5117.2568390625,11111.574337962733,445725.79170611437,1195561.4145869506
575.7,108,620983.8850101563,5117.2568390625,20822.276918114672,438000.21141883463,1201444.7411134215
572.5,109,626101.1418492189,5311.505521875,0.0,446260.6395721585,1189460.1870780198
572.5,109,626101.1418492189,5311.505521875,4983.057225506934,442310.7841437075,1192498.212872964
572.5,109,626101.1418492189,5311.505521875,5839.00693020112,442208.83332884836,1193348.0710134346
572.5,109,626101.1418492189,5311.505521875,8717.027117812402,439678.18191038555,1194718.7776671834
569.4,110,631412.6473710939,6410.797678125,0.0,445317.99947505,1188361.013999092
569.4,110,631412.6473710939,6410.797678125,4821.193361510928,440833.8710715621,1190132.0563097128
569.4,110,631412.6473710939,6410.797678125,7520.961191796137,438252.6711082083,1189340.739532627
565.5,111,637823.4450492188,6210.055921875,0.0,445026.5784435225,1187580.2515659214
565.5,111,637823.4450492188,6210.055921875,1341.745258283628,444219.7687931735,1186508.1761360317
565.5,111,637823.4450492188,6210.055921875,4527.626256255899,441565.8638591172,1184745.602184759
561.6,112,644033.5009710939,6193.322878125,0.0,449255.7424848372,1182501.501673524
561.6,112,644033.5009710939,6193.322878125,6449.761249775833,442812.16301427886,1182784.114808196
557.7,113,650226.8238492189,6992.356078125001,0.0,446670.8225293838,1176779.849909706
557.7,113,650226.8238492189,6992.356078125001,2011.217389289057,444937.41229497787,1177799.8011469059
557.7,113,650226.8238492189,6992.356078125001,3115.266606737301,444489.0009466741,1178808.6900471193
557.7,113,650226.8238492189,6992.356078125001,7177.296753956582,442299.60757740407,1182230.1972577018
553.5,114,657219.1799273439,6542.928478125001,0.0,446806.42865099927,1175417.3324310358
553.5,114,657219.1799273439,6542.928478125001,6482.398324724185,440344.0083047946,1175926.036073447
553.5,114,657219.1799273439,6542.928478125001,7898.973762584537,438968.62438271474,1175586.9003118386
549.4,115,663762.1084054689,6749.4912,0.0,446840.55466475995,1174594.9481303347
549.4,115,663762.1084054689,6749.4912,3222.456679586576,444735.4969494986,1172155.0709604216
549.4,115,663762.1084054689,6749.4912,4928.149281779474,443870.6711517014,1170684.8753169023
549.4,115,663762.1084054689,6749.4912,10960.387660205291,439027.3838767376,1167088.9590528097
545.3,116,670511.5996054689,6281.348760937501,0.0,451309.3979301336,1168578.09457193
545.3,116,670511.5996054689,6281.348760937501,2738.345823293921,449048.4928527448,1167033.1427690475
545.3,116,670511.5996054689,6281.348760937501,11530.256866892008,441945.48273461015,1161851.9019666964
541.4,117,676792.9483664064,6542.6540390625005,0.0,452017.3645806492,1161523.9583509364
541.4,117,676792.9483664064,6542.6540390625005,2283.4900879273146,449748.99190070305,1161261.5974851297
541.4,117,676792.9483664064,6542.6540390625005,9616.736936048832,442417.6586087396,1161093.4409975493
537.3,118,683335.6024054688,6067.044,0.0,451926.2618229495,1154203.998332062
537.3,118,683335.6024054688,6067.044,3449.7790720489857,449208.6130412598,1156328.9473548327
533.7,119,689402.6464054688,7434.620878125001,0.0,449255.7424848372,1150321.2860720102
533.7,119,689402.6464054688,7434.620878125001,1998.5502682774315,447258.609666477,1150396.64957459
533.7,119,689402.6464054688,7434.620878125001,4949.112116577498,444884.6593352187,1152148.8510095647
529.9,120,696837.2672835938,5162.2452,0.0,451054.46118631546,1147227.0148409
529.9,120,696837.2672835938,5162.2452,3801.755484492743,448221.74841431447,1144691.4397722485
526.6,121,701999.5124835938,6439.784039062501,0.0,458996.4751932588,1145761.7941659398
526.6,121,701999.5124835938,6439.784039062501,10014.042739127004,450555.7629043373,1140373.303731493
522.7,122,708439.2965226562,6508.577160937501,0.0,456287.4327677815,1136108.9443783814
522.7,122,708439.2965226562,6508.577160937501,2489.238743134411,453890.59789348743,1135436.9943125274
522.7,122,708439.2965226562,6508.577160937501,3077.9595255434733,453302.581597393,1135465.8106540798
518.6,123,714947.8736835937,5957.102878125001,0.0,455755.8445823348,1129012.2557176123
518.6,123,714947.8736835937,5957.102878125001,627.1480766697188,455228.3000642774,1129351.3914792207
518.6,123,714947.8736835937,5957.102878125001,2248.117246793612,453702.18913703837,1129897.7768729215
518.6,123,714947.8736835937,5957.102878125001,6338.662333362915,450857.2169146558,1132836.9534735302
514.9,124,720904.9765617187,4701.54,0.0,450678.0867620635,1125932.146100321
514.9,124,720904.9765617187,4701.54,713.5391854425724,450058.29739083874,1126285.7013874233
514.9,124,720904.9765617187,4701.54,2060.3224937076416,449469.72676841146,1127497.0713379993
514.9,124,720904.9765617187,4701.54,7429.510520547664,446565.8617576063,1132013.2492994678
512.2,125,725606.5165617188,5228.295121875,0.0,451160.5550125375,1124104.207612112
512.2,125,725606.5165617188,5228.295121875,4048.547126366381,447311.3641182839,1122849.4052941597
509.0,126,730834.8116835938,5930.1888,0.0,452729.68432890833,1118762.6409423247
509.0,126,730834.8116835938,5930.1888,2004.5769265137917,450742.9039574631,1118496.0917286433
509.0,126,730834.8116835938,5930.1888,3170.3949099658385,449619.4854689947,1118184.5344997908
509.0,126,730834.8116835938,5930.1888,4750.789930179107,448080.3893253848,1118543.4794416185
505.3,127,736765.0004835938,5988.466321875,0.0,451194.92100837594,1113467.8227992249
505.3,127,736765.0004835938,5988.466321875,1122.6912498426589,450474.8882001657,1112606.4323887073
505.3,127,736765.0004835938,5988.466321875,2903.7368122550024,448696.27095943515,1112513.391027496
505.3,127,736765.0004835938,5988.466321875,8082.071207277227,443532.97724118363,1112118.8630226022
501.9,128,742753.4668054688,4020.5864390625,0.0,455480.6076272156,1114749.2501597237
501.9,128,742753.4668054688,4020.5864390625,4847.134928104967,453596.5200627219,1110283.2648216682
501.9,128,742753.4668054688,4020.5864390625,5663.899203752097,453317.3959790947,1109515.6735916922
501.9,128,742753.4668054688,4020.5864390625,6737.91036796065,452991.7512148621,1108492.2186183855
499.4,129,746774.0532445313,6511.076878125,0.0,458437.42083079094,1110431.718928392
499.4,129,746774.0532445313,6511.076878125,1564.421539000804,457545.3256833223,1109146.57660583
499.4,129,746774.0532445313,6511.076878125,2871.34251979583,456786.5081159299,1108082.5065039806
499.4,129,746774.0532445313,6511.076878125,3984.505490714127,456045.69256530865,1107251.646060631
495.4,130,753285.1301226562,6472.672078125001,0.0,459177.9974326544,1102325.1592860655
495.4,130,753285.1301226562,6472.672078125001,3310.291896751227,456251.864389777,1103873.0034931288
491.3,131,759757.8022007812,6727.942078125,0.0,455487.5857293056,1096464.2966480344
491.3,131,759757.8022007812,6727.942078125,3716.937450148682,452787.06022020016,1099018.2820132338
487.2,132,766485.7442789061,6899.178360937501,0.0,453540.6952459965,1091795.9463493503
487.2,132,766485.7442789061,6899.178360937501,3941.5389704798313,449667.84858565405,1092528.6470688737
483.0,133,773384.9226398437,6661.2819609375,0.0,455047.965297589,1088760.4719398923
483.0,133,773384.9226398437,6661.2819609375,5713.865483086119,451007.6441870704,1084720.1508293706
479.0,134,780046.2046007812,6402.568078125,0.0,458835.61573860806,1088678.9539816978
479.0,134,780046.2046007812,6402.568078125,2648.042590663724,458294.0171162773,1086086.8836618837
479.0,134,780046.2046007812,6402.568078125,3731.6219294582975,458083.54892750824,1085023.938686088
479.0,134,780046.2046007812,6402.568078125,7238.482165924945,455174.7706728647,1083065.0800960294
475.0,135,786448.7726789062,6308.323560937501,0.0,460595.5564597033,1080993.8443129351
475.0,135,786448.7726789062,6308.323560937501,1367.1533243869549,459360.43238964793,1081580.0048885518
475.0,135,786448.7726789062,6308.323560937501,5366.091010696527,455445.71711676,1082396.4428331663
471.1,136,792757.0962398438,6868.728721875001,0.0,461909.891948955,1076066.4349371179
471.1,136,792757.0962398438,6868.728721875001,6702.396162791788,455271.1232332395,1076987.8707467318
471.1,136,792757.0962398438,6868.728721875001,11249.775561441937,453813.043997084,1081295.1607359534
467.2,137,799625.8249617188,6073.231678125,0.0,466961.9116004623,1072620.1218040811
467.2,137,799625.8249617188,6073.231678125,13537.670827378191,453424.3935444857,1072689.9028249898
467.2,137,799625.8249617188,6073.231678125,15449.68961385327,451540.30597999494,1072364.2580607568
463.4,138,805699.0566398437,5213.939160937501,0.0,463680.70908927807,1068084.2330871741
463.4,138,805699.0566398437,5213.939160937501,7468.188382742967,456212.50818399596,1068078.2285472634
463.4,138,805699.0566398437,5213.939160937501,8986.232906277106,455081.72931165656,1067065.4069760244
460.1,139,810912.9958007812,6279.702721875,0.0,459565.12338430993,1063083.3822801136
460.1,139,810912.9958007812,6279.702721875,4796.1913578359845,454773.49328202184,1063292.7253428358
456.2,140,817192.6985226562,5931.925921875,0.0,459865.1974455789,1058158.5161320781
456.2,140,817192.6985226562,5931.925921875,2563.5413060174333,457389.1898785146,1057494.3197435357
456.2,140,817192.6985226562,5931.925921875,4138.281251331364,455889.98961653654,1057012.4334611977
452.6,141,823124.6244445313,5677.997160937501,0.0,462147.02115787147,1056593.747335754
452.6,141,823124.6244445313,5677.997160937501,4462.401127751715,460425.75597549713,1052476.6671022342
448.9,142,828802.6216054688,6419.148721875001,0.0,468079.5248010312,1055543.9842643577
448.9,142,828802.6216054688,6419.148721875001,3609.1186040689754,466566.4858153214,1052267.3240395153
448.9,142,828802.6216054688,6419.148721875001,5714.5045500322485,465499.8424706975,1050452.1271665886
445.1,143,835221.7703273438,6533.5707609375,0.0,476771.12605712673,1052274.373771498
445.1,143,835221.7703273438,6533.5707609375,10439.420386342452,468169.5928996719,1046358.669141339
445.1,143,835221.7703273438,6533.5707609375,13629.676177093805,464980.3148836413,1046437.9058622292
441.0,144,841755.3410882814,6384.5235609375,0.0,480688.9948011116,1047864.1668383501
441.0,144,841755.3410882814,6384.5235609375,10075.221799407023,471576.7718981651,1043565.57472978
441.0,144,841755.3410882814,6384.5235609375,11784.441876981917,471438.10763659846,1041861.9852305409
437.1,145,848139.8646492189,5536.8444,0.0,478377.2215606025,1041688.2971051733
437.1,145,848139.8646492189,5536.8444,3115.829958952339,475304.55932313134,1041171.4006540097
433.5,146,853676.7090492188,5404.652878125,0.0,476238.644794982,1035847.8784847184
433.5,146,853676.7090492188,5404.652878125,1346.7819231812744,475060.64746693015,1036500.6809808983
433.5,146,853676.7090492188,5404.652878125,4642.196341990732,472937.0178175778,1039020.6009683667
430.1,147,859081.3619273438,5414.497560937501,0.0,476033.4443183835,1030472.3851761991
430.1,147,859081.3619273438,5414.497560937501,4279.451581717672,472125.70714758546,1032216.9106988764
430.1,147,859081.3619273438,5414.497560937501,6479.363882608503,470288.14026370033,1033426.4483945989
430.1,147,859081.3619273438,5414.497560937501,6981.484615436462,469799.67311734817,1033310.1466930881
426.8,148,864495.8594882813,4821.051960937501,0.0,474102.83607328736,1027099.6358323586
426.8,148,864495.8594882813,4821.051960937501,3243.455933393176,470892.90911156,1027564.8426384048
426.8,148,864495.8594882813,4821.051960937501,4582.287407828522,469567.06971432664,1027750.9253608239
426.8,148,864495.8594882813,4821.051960937501,8954.542098512553,466729.30819743767,1031077.154024062
423.8,149,869316.9114492188,6865.985521875,0.0,474477.8502869505,1022810.5878985818
423.8,149,869316.9114492188,6865.985521875,4618.640441421774,469863.0556917501,1022999.2561228801
423.8,149,869316.9114492188,6865.985521875,6159.015773876094,468322.84224166727,1023021.7990612639
423.8,149,869316.9114492188,6865.985521875,17386.55627584244,460475.33815662685,1031051.4223146142
419.6,150,876182.8969710937,6169.517521875,0.0,470738.6406711862,1014206.6357849735
419.6,150,876182.8969710937,6169.517521875,5073.386313207582,466517.3196533493,1017020.8497968628
419.6,150,876182.8969710937,6169.517521875,6470.78723626147,466287.5878972761,1018399.2403333015
419.6,150,876182.8969710937,6169.517521875,19974.37277191735,456811.1529592776,1028019.2576188438
415.5,151,882352.4144929687,6846.204478125001,0.0,468765.93634656136,1012759.3047991759
415.5,151,882352.4144929687,6846.204478125001,9167.493865057902,460759.79161100945,1017225.2790951221
415.5,151,882352.4144929687,6846.204478125001,10962.92636861212,460340.78382727556,1018971.1379801239
415.5,151,882352.4144929687,6846.204478125001,20739.47359351723,453940.23467323655,1026361.2819903704
411.2,152,889198.6189710937,7570.652760937501,0.0,467564.1469994554,1011111.0068055424
411.2,152,889198.6189710937,7570.652760937501,6064.667342453063,462094.03185011423,1013729.819007432
411.2,152,889198.6189710937,7570.652760937501,7249.675596771732,461149.14734580746,1013014.6662591893
411.2,152,889198.6189710937,7570.652760937501,15463.79567051974,452955.2222165913,1012438.793486231
407.1,153,896769.2717320311,4972.812,0.0,464823.04795231397,1006596.7713650627
407.1,153,896769.2717320311,4972.812,926.966493502957,463932.8373975301,1006855.2195906447
407.1,153,896769.2717320311,4972.812,2379.914787720408,462554.4468610942,1007314.683102791
407.1,153,896769.2717320311,4972.812,6716.09301121858,458218.25996522227,1007314.683102791
404.1,154,901742.0837320312,4956.048000000001,0.0,463074.1341311292,1000818.3481887354
404.1,154,901742.0837320312,4956.048000000001,2386.3230509922937,461284.73275215545,1002397.146208383
404.1,154,901742.0837320312,4956.048000000001,3881.661536771194,460356.21765510086,1003569.2835065562
404.1,154,901742.0837320312,4956.048000000001,7430.528567588132,457746.3379738369,1005974.0778074736
400.9,155,906698.1317320312,5869.1984390625,0.0,458280.2116356058,998380.1117723851
400.9,155,906698.1317320312,5869.1984390625,3225.251417323844,456433.024393777,1001024.0080652995
400.9,155,906698.1317320312,5869.1984390625,4517.382675619969,456159.8153930536,1002286.9279792379
400.9,155,906698.1317320312,5869.1984390625,6644.378798356533,455635.3561449479,1004348.2559734486
397.3,156,912567.3301710936,5047.122478125,0.0,456084.97087833076,995522.9253776815
397.3,156,912567.3301710936,5047.122478125,3680.741402892293,453300.70814413717,997930.3705989767
397.3,156,912567.3301710936,5047.122478125,5286.141536498768,451730.6351737292,998265.3194993294
394.2,157,917614.4526492186,6215.3292,0.0,453236.3824513183,992672.4544970779
394.2,157,917614.4526492186,6215.3292,777.6013636415719,452503.11107516894,992931.2582611928
394.2,157,917614.4526492186,6215.3292,2544.532649134387,450786.49796085444,993349.9443866365
394.2,157,917614.4526492186,6215.3292,4432.78881458908,449220.03177411936,994404.3206450384
390.3,158,923829.7818492186,6312.956878125,0.0,452336.48000232974,985309.9357305004
390.3,158,923829.7818492186,6312.956878125,4818.604979082934,448314.86316677276,987964.2990908002
390.3,158,923829.7818492186,6312.956878125,6216.730115908358,447499.81187613204,989100.2802133928
390.3,158,923829.7818492186,6312.956878125,7667.489741467436,446320.55312545085,989945.301342675
386.5,159,930142.7387273436,6794.052721875,0.0,450917.2407120854,979097.4160725233
386.5,159,930142.7387273436,6794.052721875,11246.57044137428,442145.1847434331,986135.660649016
386.5,159,930142.7387273436,6794.052721875,14991.078116376377,442047.1671068001,989878.8927225827
382.5,160,936936.7914492186,5607.8931609375,0.0,448129.9344949241,975880.2658025471
382.5,160,936936.7914492186,5607.8931609375,11708.04599131472,438709.49667246436,982832.5489155194
382.5,160,936936.7914492186,5607.8931609375,13168.666689055972,437258.74924780795,983002.1167963222
379.0,161,942544.684610156,6203.7164390625,0.0,445065.57404622505,972988.5065080752
379.0,161,942544.684610156,6203.7164390625,8533.647744426593,437973.54363626515,977734.719712685
379.0,161,942544.684610156,6203.7164390625,10438.225512279076,436074.8133270358,977883.898117024
379.0,161,942544.684610156,6203.7164390625,12140.06079421535,434396.00398223015,978162.9215849335
375.5,162,948748.4010492186,3495.0195609375,0.0,439546.86892335175,969941.2031131441
375.5,162,948748.4010492186,3495.0195609375,3876.0060488459385,436092.70838845003,971699.684840001
375.5,162,948748.4010492186,3495.0195609375,5327.884445828028,434815.7157058492,972390.5169469819
375.5,162,948748.4010492186,3495.0195609375,6937.782461866902,433245.6427354412,972746.4001536074
373.3,163,952243.420610156,5399.714760937501,0.0,438276.7819079909,967698.286841904
373.3,163,952243.420610156,5399.714760937501,3510.500551002276,434920.38723721006,968727.0133493615
373.3,163,952243.420610156,5399.714760937501,5495.204307500884,432978.04774244956,969134.9129012082
370.1,164,957643.1353710936,4174.02258046875,0.0,435919.440014283,963490.8916264068
370.1,164,957643.1353710936,4174.02258046875,1131.8947768795542,434790.11792812706,963567.1971727711
370.1,164,957643.1353710936,4174.02258046875,2063.320809478481,433859.1902625126,963536.674954226
370.1,164,957643.1353710936,4174.02258046875,3667.549844571384,432287.2960074574,963857.1582489448
367.4,165,961817.1579515624,4156.8320390625,0.0,435275.96021516895,959277.9272784566
367.4,165,961817.1579515624,4156.8320390625,1739.3060052059611,433555.1900919289,959531.2011687174
367.4,165,961817.1579515624,4156.8320390625,12344.31566023864,422959.90722843085,959985.8006540543
364.8,166,965973.989990625,5156.819521875001,0.0,434773.74112152914,955205.6735194717
364.8,166,965973.989990625,5156.819521875001,1579.0407727174718,433213.6989180381,955449.9030400874
361.6,167,971130.8095125,4895.453819531251,0.0,432011.7566795448,950392.7393712025
361.6,167,971130.8095125,4895.453819531251,957.36003334586,431266.3583193528,950993.5081988183
361.6,167,971130.8095125,4895.453819531251,2201.5078274691,430609.9627484409,952050.4163214775
358.5,168,976026.2633320312,7210.3791609375,0.0,432240.6075699761,947098.3076238548
358.5,168,976026.2633320312,7210.3791609375,5189.276518545767,427189.26661291136,948286.8584372813
358.5,168,976026.2633320312,7210.3791609375,7771.616632402966,425901.66989836324,950525.2958025704
354.2,169,983236.6424929688,5085.039121875,0.0,432941.3450759939,943333.2062421673
354.2,169,983236.6424929688,5085.039121875,8469.919110790253,424473.7185962134,943135.4222659995
354.2,169,983236.6424929688,5085.039121875,10373.626208318314,422570.0478255758,943147.7837645091
351.2,170,988321.6816148435,6004.8951609375,0.0,431879.1285091501,939957.4829357634
351.2,170,988321.6816148435,6004.8951609375,5726.961473330389,426205.33180522936,939178.8624426265
351.2,170,988321.6816148435,6004.8951609375,7617.279961641535,424726.7831440904,938001.0627409988
351.2,170,988321.6816148435,6004.8951609375,12922.43493452873,419421.77066996193,937960.7574720398
347.3,171,994326.5767757812,5180.136721875,0.0,430757.4529181071,934536.6822406816
347.3,171,994326.5767757812,5180.136721875,631.9995041755423,430131.69374116836,934448.0796252952
347.3,171,994326.5767757812,5180.136721875,2582.539279946507,428387.0294077978,933575.8600433113
347.3,171,994326.5767757812,5180.136721875,12048.017642827052,419034.4085642164,932118.4231230419
343.9,172,999506.7134976562,5203.942078125,0.0,433731.2099035611,929522.8048615869
343.9,172,999506.7134976562,5203.942078125,6148.618520596613,427583.224178539,929433.7405070978
343.9,172,999506.7134976562,5203.942078125,7412.290861406151,427013.97959491285,930561.940301651
343.9,172,999506.7134976562,5203.942078125,14756.639135780497,419796.605963875,929202.0928088201
340.9,173,1004710.6555757812,5113.782,0.0,437176.28286231955,925075.3987773391
340.9,173,1004710.6555757812,5113.782,10786.579438983554,426390.05198161956,925164.7563977008
340.9,173,1004710.6555757812,5113.782,12225.911937428864,424951.7429670998,925219.1025711556
340.9,173,1004710.6555757812,5113.782,13212.475524833855,423965.673484755,925250.3848540644
337.6,174,1009824.4375757813,5496.245278125,0.0,433368.887951869,915900.0600437389
337.6,174,1009824.4375757813,5496.245278125,9419.436493692314,424883.71119642677,919990.0373287377
337.6,174,1009824.4375757813,5496.245278125,12325.660422658022,422731.89478902105,921943.4593156019
334.3,175,1015320.6828539062,5827.044360937501,0.0,429843.5717099498,911642.2105567467
334.3,175,1015320.6828539062,5827.044360937501,12621.899352236473,419313.40631200816,918601.2763849499
334.3,175,1015320.6828539062,5827.044360937501,15537.404530935137,419374.4507490983,921516.1482559767
330.7,176,1021147.7272148436,7549.011960937501,0.0,428167.49011086015,910072.9925412802
330.7,176,1021147.7272148436,7549.011960937501,16602.456896260235,413882.6648849611,918533.8699087468
330.7,176,1021147.7272148436,7549.011960937501,19061.80352862839,413194.4304178857,920894.9593543387
326.2,177,1028696.7391757811,6406.225678125001,0.0,427349.6728626904,909132.7063867513
326.2,177,1028696.7391757811,6406.225678125001,10324.914852719248,418519.82862984505,914484.1682390247
326.2,177,1028696.7391757811,6406.225678125001,12607.98188626084,416289.8821116393,914973.815515367
326.2,177,1028696.7391757811,6406.225678125001,13617.968660732662,415623.57143856125,914214.7980901022
326.2,177,1028696.7391757811,6406.225678125001,14813.4292075745,414701.1710396678,913454.3316939366
322.3,178,1035102.9648539064,4495.2207609375,0.0,426486.127670027,907082.5302419192
322.3,178,1035102.9648539064,4495.2207609375,7702.74887612834,419206.5785471019,909600.6132718629
322.3,178,1035102.9648539064,4495.2207609375,9092.261506186622,417817.8176033142,909646.3965996791
322.3,178,1035102.9648539064,4495.2207609375,11781.720855771511,415131.86237137724,909509.0466162307
319.5,179,1039598.185614844,4645.4871609375,0.0,425525.0509163302,904537.3464415445
319.5,179,1039598.185614844,4645.4871609375,8812.315589705515,416778.7392351221,905614.0305439095
319.5,179,1039598.185614844,4645.4871609375,9823.168939304558,416004.85637178255,906264.364224058
319.5,179,1039598.185614844,4645.4871609375,11358.903952158593,414805.17554032715,907223.1433259895
316.8,180,1044243.6727757814,3068.8484390625003,0.0,424379.56983795983,902104.3178684623
316.8,180,1044243.6727757814,3068.8484390625003,7184.101035902183,417197.53920328576,902277.3788476109
316.8,180,1044243.6727757814,3068.8484390625003,8691.187261832149,416060.28134030587,901288.4589667605
314.8,181,1047312.5212148438,5466.984478125,0.0,423341.2039630653,899903.9711335717
314.8,181,1047312.5212148438,5466.984478125,4020.110021943568,419329.9058459558,900170.1226872725
314.8,181,1047312.5212148438,5466.984478125,5677.30017936164,418171.78897294187,898984.7723123058
312.3,182,1052779.5056929688,3879.1896,0.0,422910.4288028306,897653.3644826458
312.3,182,1052779.5056929688,3879.1896,353.2455961456335,422560.55470687227,897604.6708762387
312.3,182,1052779.5056929688,3879.1896,1730.145236903355,421398.7385944252,896865.7232969002
312.3,182,1052779.5056929688,3879.1896,2728.406768628207,420651.03080068075,896204.3133430805
309.8,183,1056658.6952929688,4087.6424390625,0.0,422533.9111717307,892708.5938787919
309.8,183,1056658.6952929688,4087.6424390625,997.826360559252,421729.25740027335,893298.6733111974
309.8,183,1056658.6952929688,4087.6424390625,1852.1313711645269,421098.94527929794,893875.3418474067
309.8,183,1056658.6952929688,4087.6424390625,3454.3795197514173,419851.7319335371,894881.1590617324
307.2,184,1060746.3377320312,4656.704039062501,0.0,418735.63443505816,889905.4471654915
307.2,184,1060746.3377320312,4656.704039062501,2921.559818701877,417524.89448952297,892564.3293931745
304.4,185,1065403.0417710938,6369.8628,0.0,415439.9841675865,887723.0500744435
304.4,185,1065403.0417710938,6369.8628,4414.275193221144,412522.67051907646,891035.9316752919
300.6,186,1071772.904571094,5432.3283609375,0.0,414921.9294270236,884092.1809892325
300.6,186,1071772.904571094,5432.3283609375,2073.473921925112,412964.24610228906,883408.9626477135
297.4,187,1077205.2329320314,6486.479160937501,0.0,418619.1115320062,882981.0796725232
297.4,187,1077205.2329320314,6486.479160937501,1584.1989476515912,418001.036606475,881522.4228482683
297.4,187,1077205.2329320314,6486.479160937501,2643.614032126647,417790.89113179484,880484.0569733767
297.4,187,1077205.2329320314,6486.479160937501,7820.916520597633,412982.26821115974,878565.2777045608
293.3,188,1083691.7120929689,4244.888580468751,0.0,424716.7043020006,881885.570865839
293.3,188,1083691.7120929689,4244.888580468751,1672.5532055308108,424181.8564359563,880300.8364479349
293.3,188,1083691.7120929689,4244.888580468751,14280.398170092709,413881.0827195864,873030.8673058066
290.6,189,1087936.6006734376,5505.5720390625,0.0,428561.63853107137,878391.6448098471
290.6,189,1087936.6006734376,5505.5720390625,1024.3128737902744,427630.7108654539,877964.333750219
290.6,189,1087936.6006734376,5505.5720390625,2127.341586293235,426562.4332163881,877689.6337833161
290.6,189,1087936.6006734376,5505.5720390625,12510.091767607884,417909.38425894943,871951.4566969012
287.1,190,1093442.1727125,7262.987521875,0.0,432442.2845892771,874516.5558225887
287.1,190,1093442.1727125,7262.987521875,5462.7274519613975,427450.37117288297,872297.927637525
287.1,190,1093442.1727125,7262.987521875,6671.734334460451,426301.43871990446,872674.302061777
287.1,190,1093442.1727125,7262.987521875,13230.983204064392,420180.40203075134,870317.0096151466
282.6,191,1100705.160234375,6555.6080390625,0.0,434542.0576929998,869801.9709293279
282.6,191,1100705.160234375,6555.6080390625,10981.948867493746,424419.5665986416,865542.9971812121
282.6,191,1100705.160234375,6555.6080390625,11815.11105407544,424023.38299416716,866275.9368494935
282.6,191,1100705.160234375,6555.6080390625,14003.909045458417,422042.4649717856,867206.9683200091
278.6,192,1107260.7682734374,8101.736400000001,0.0,434565.7303639949,869691.4509476281
278.6,192,1107260.7682734374,8101.736400000001,16132.326542865118,420491.5962572477,861806.5444902321
273.6,193,1115362.5046734374,5773.1864390625005,0.0,434641.1035941184,869485.0240457465
273.6,193,1115362.5046734374,5773.1864390625005,7081.068178319826,428896.44132922025,865344.9053789718
273.6,193,1115362.5046734374,5773.1864390625005,10412.598161286409,428361.593463176,862056.5814618227
273.6,193,1115362.5046734374,5773.1864390625005,11683.011337351882,428599.30362586136,860808.6031077257
270.0,194,1121135.6911125,4300.94141953125,0.0,436111.99782522424,868196.2861586366
270.0,194,1121135.6911125,4300.94141953125,6598.406613958939,433875.80274465424,861988.3416065989
270.0,194,1121135.6911125,4300.94141953125,7789.024471575134,433853.5520473335,860797.9293000244
267.3,195,1125436.6325320313,4601.19978046875,0.0,437279.5253612568,867396.3762906842
267.3,195,1125436.6325320313,4601.19978046875,3921.462830114573,437453.4530989759,863478.7645971024
267.3,195,1125436.6325320313,4601.19978046875,5212.910139936237,438253.1448592136,862464.695608316
264.5,196,1130037.8323125,6782.927521875,0.0,442820.5830669434,865125.6899285974
264.5,196,1130037.8323125,6782.927521875,2740.649136668341,441251.9089059426,862878.3694993639
260.3,197,1136820.759834375,6507.235921875001,0.0,449325.2746099051,858820.5842993081
260.3,197,1136820.759834375,6507.235921875001,5851.882999051501,443640.03988567746,857433.9416836444
256.4,198,1143327.99575625,6235.4763609375,0.0,450213.3663142525,854942.3708133666
256.4,198,1143327.99575625,6235.4763609375,2568.082275617216,447918.8228140158,853789.0525224659
256.4,198,1143327.99575625,6235.4763609375,4764.128999450966,447344.3565875265,851669.4702385176
252.5,199,1149563.4721171877,4390.85741953125,0.0,452415.5067248168,848420.7646818167
252.5,199,1149563.4721171877,4390.85741953125,2202.7372442292226,450256.30608042364,847984.9627168941
252.5,199,1149563.4721171877,4390.85741953125,3162.816625861211,449364.892970353,848341.5279609236
252.5,199,1149563.4721171877,4390.85741953125,4692.102808068559,447899.0136337932,848777.3299258461
249.8,200,1153954.329536719,5530.291200000001,0.0,453316.73145231494,846800.8671864598
249.8,200,1153954.329536719,5530.291200000001,6270.180135196658,447655.16513444955,844106.0605111425
246.3,201,1159484.620736719,5029.4744390625,0.0,454653.9440901062,845805.9528922783
246.3,201,1159484.620736719,5029.4744390625,1523.0887850361603,453893.13190775306,844486.4933250648
246.3,201,1159484.620736719,5029.4744390625,2796.3752002649467,453366.0395494915,843327.4254124208
246.3,201,1159484.620736719,5029.4744390625,4991.503364860513,451246.765091613,842755.3391378146
243.1,202,1164514.0951757815,5242.1331609375,0.0,458898.6381269322,841228.9548693422
243.1,202,1164514.0951757815,5242.1331609375,3736.316494284933,455413.134485459,839883.0792617343
243.1,202,1164514.0951757815,5242.1331609375,4430.166158513127,454838.82217200304,840272.430836635
243.1,202,1164514.0951757815,5242.1331609375,8689.186760186643,450585.1400547279,840485.7791150368
240.0,203,1169756.228336719,5347.8684,0.0,459299.6967314585,840286.3574713579
240.0,203,1169756.228336719,5347.8684,9044.722356194408,451066.9387233833,836540.8234226395
236.7,204,1175104.0967367191,4567.824180468751,0.0,459289.292262474,840061.2906273772
236.7,204,1175104.0967367191,4567.824180468751,2492.018231764967,457011.23653673666,839051.0224359655
236.7,204,1175104.0967367191,4567.824180468751,3379.9009500988286,456317.9152289064,838496.3653896957
236.7,204,1175104.0967367191,4567.824180468751,4524.382513073378,456773.5263740513,837446.4788378358
234.0,205,1179671.9209171878,3352.09901953125,0.0,461697.82744251966,837690.4427841259
234.0,205,1179671.9209171878,3352.09901953125,2414.920763778184,459299.6967314585,837406.1283183825
231.9,206,1183024.019936719,3266.5416,0.0,462815.32634230837,834316.628362476
231.9,206,1183024.019936719,3266.5416,3216.4701286451964,459606.2391460555,834098.7273800162
229.9,207,1186290.561536719,4392.07661953125,0.0,460832.52254677675,830916.3416003027
229.9,207,1186290.561536719,4392.07661953125,1103.5687983041992,459732.34917933156,830829.81111073
227.1,208,1190682.6381562504,5303.52,0.0,460302.8638839716,826339.7565100187
227.1,208,1190682.6381562504,5303.52,1427.883437984351,458985.78426864115,826891.2640392329
223.9,209,1195986.1581562504,4700.778,0.0,457466.84768188465,821817.0356412649
223.9,209,1195986.1581562504,4700.778,1321.8798490940774,456317.9152289064,822470.7385886502
221.1,210,1200686.9361562503,4314.1695609375,0.0,458309.68188441964,819785.1809149788
221.1,210,1200686.9361562503,4314.1695609375,1874.5922510564424,457897.0695668062,817956.5581437378
218.7,211,1205001.1057171875,4112.2092,0.0,462016.8140122876,820318.9856259701
218.7,211,1205001.1057171875,4112.2092,1235.680922239732,462029.63724989997,819083.3687703825
218.7,211,1205001.1057171875,4112.2092,2384.0565024547464,461327.2578736429,818174.8342580361
218.7,211,1205001.1057171875,4112.2092,5510.086589692447,458296.2993863683,817409.7239110225
216.0,212,1209113.3149171877,5523.6159609375,0.0,466280.4518720163,818692.5192976001
216.0,212,1209113.3149171877,5523.6159609375,1076.078636740194,465332.1080046462,818183.9981343582
216.0,212,1209113.3149171877,5523.6159609375,8083.086109134495,458393.03790818085,817210.5217310826
212.7,213,1214636.9308781251,4157.86818046875,0.0,462720.0360066355,815622.0326056062
212.7,213,1214636.9308781251,4157.86818046875,1035.6127531923876,462853.4298938085,816649.0205000956
212.7,213,1214636.9308781251,4157.86818046875,1668.600317669231,462365.8869716312,817052.724300567
212.7,213,1214636.9308781251,4157.86818046875,5527.202764729891,458508.3743822088,816960.6970092863
210.2,214,1218794.7990585938,5363.870400000001,0.0,459275.56980974146,814843.2106562895
210.2,214,1218794.7990585938,5363.870400000001,1472.0338876647986,458609.76356995583,816156.0680305145
207.2,215,1224158.6694585937,5421.294839062501,0.0,460213.3250770455,812686.3735414916
207.2,215,1224158.6694585937,5421.294839062501,1124.5614370028984,459744.44744339347,811664.2203001311
203.9,216,1229579.9642976562,4061.947560937501,0.0,465229.58999126445,813012.4096888361
203.9,216,1229579.9642976562,4061.947560937501,1516.3594321005842,465244.03088364645,811496.1159886057
201.4,217,1233641.9118585938,6254.251921875,0.0,469347.06138058525,811260.9855351893
201.4,217,1233641.9118585938,6254.251921875,1351.9594259473083,468484.326534666,810220.0771884826
198.0,218,1239896.1637804687,6491.8131609375005,0.0,467337.40580894693,805987.3814990948
198.0,218,1239896.1637804687,6491.8131609375005,1274.3002758072582,466441.97575435607,806894.0527215577
193.8,219,1246387.9769414065,5609.569560937501,0.0,466252.4689984832,801883.432862152
193.8,219,1246387.9769414065,5609.569560937501,1147.9342592646776,465577.28520602285,800955.0551475225
190.3,220,1251997.5465023438,5795.863678125001,0.0,469951.96928473766,804345.2657836658
190.3,220,1251997.5465023438,5795.863678125001,1172.1294809964756,470650.19545883965,803403.791819296
186.7,221,1257793.4101804688,6621.7192781250005,0.0,475836.56959377695,805841.847767619
186.7,221,1257793.4101804688,6621.7192781250005,1576.695511913185,475512.8500107036,804298.7391153438
182.6,222,1264415.129458594,5462.107678125,0.0,480695.78573361144,800997.5872260594
182.6,222,1264415.129458594,5462.107678125,1133.492803997039,479757.12772870716,800362.187961202
179.1,223,1269877.2371367188,6683.8068,0.0,479519.97844262025,795437.3534262322
179.1,223,1269877.2371367188,6683.8068,2218.617040425141,477994.9711837277,797048.7609232655
175.1,224,1276561.0439367187,5952.1040390625,0.0,482860.3189625989,795111.503573651
175.1,224,1276561.0439367187,5952.1040390625,1232.8845728336323,482684.148103178,793891.2682364074
171.4,225,1282513.1479757812,5512.5824390625,0.0,485865.62520677573,797358.4823455077
171.4,225,1282513.1479757812,5512.5824390625,1126.479918942025,486775.40142691595,796694.2012958833
167.9,226,1288025.7304148437,4026.9565804687504,0.0,489776.6392112705,794205.6742646624
167.9,226,1288025.7304148437,4026.9565804687504,906.5737210747136,488901.0523614407,793970.6702909474
165.5,227,1292052.6869953123,4774.7223609375005,0.0,491191.67232953716,790738.2616414428
165.5,227,1292052.6869953123,4774.7223609375005,1102.8217029005211,490341.8853889165,790035.3514559878
162.7,228,1296827.4093562495,4813.7064,0.0,495151.11900913797,790195.7997234697
162.7,228,1296827.4093562495,4813.7064,938.6561275905112,494920.0647310074,789286.0235033294
159.7,229,1301641.1157562498,3900.4645804687502,0.0,497769.65272176993,785975.258295234
159.7,229,1301641.1157562498,3900.4645804687502,926.1991240050472,496856.91860035766,785817.8903432643
157.3,230,1305541.5803367186,5558.9727609375,0.0,498608.5378927651,782224.190833838
157.3,230,1305541.5803367186,5558.9727609375,989.5321769960956,497656.67291114555,781953.7635741459
154.1,231,1311100.553097656,5412.0288,0.0,501289.366092,783951.536558472
154.1,231,1311100.553097656,5412.0288,1231.58095049425,502092.7484799106,783018.062164822
150.8,232,1316512.581897656,6002.3347218750005,0.0,506630.8904352268,785648.1525384475
150.8,232,1316512.581897656,6002.3347218750005,1709.2493877045988,506558.68597331067,783940.4254902292
147.1,233,1322514.9166195309,5406.2376,0.0,511282.40449108253,788182.508270978
147.1,233,1322514.9166195309,5406.2376,922.393983596967,511850.8846606391,787456.1169432147
143.7,234,1327921.154219531,6008.6444390625,0.0,516577.69199638197,789245.776736257
143.7,234,1327921.154219531,6008.6444390625,1455.8660316776504,515630.2250471232,788140.3986287916
139.9,235,1333929.7986585936,4786.761960937501,0.0,520872.875499685,790203.771096064
139.9,235,1333929.7986585936,4786.761960937501,971.7755633361984,521251.8622793904,789308.9411995427
136.9,236,1338716.560619531,4041.12978046875,0.0,525799.7036358273,790098.4969905888
136.9,236,1338716.560619531,4041.12978046875,853.6527249774821,525757.5215661398,789245.8853775088
134.4,237,1342757.6903999995,5047.701121875,0.0,529704.1778951476,791487.9341140859
134.4,237,1342757.6903999995,5047.701121875,1515.8306979157496,529694.4109733402,789972.1318502729
131.1,238,1347805.3915218748,6490.5636,0.0,532659.1365255514,787022.8566204277
131.1,238,1347805.3915218748,6490.5636,2286.196218383582,530373.7980101681,786960.0718619863
127.0,239,1354295.9551218748,5117.043121875,0.0,536955.4724893321,785018.9558930445
127.0,239,1354295.9551218748,5117.043121875,992.9112871627252,536937.2066190633,784026.2106459334
123.8,240,1359412.9982437498,5880.293278125,0.0,540548.6058126127,781497.6025734347
123.8,240,1359412.9982437498,5880.293278125,1222.311071678329,539337.953599672,781329.1640046797
120.2,241,1365293.291521875,6404.4879609375,0.0,544571.3046352655,778889.3521143673
120.2,241,1365293.291521875,6404.4879609375,973.2000789836808,544308.1193715833,777952.4125756565
116.3,242,1371697.7794828124,4886.8280390625005,0.0,549178.4666712817,781578.2205050689
116.3,242,1371697.7794828124,4886.8280390625005,1065.346753452431,549948.5636520121,780842.0691040447
113.3,243,1376584.6075218748,4916.18021953125,0.0,554050.7628260026,783199.1096038538
113.3,243,1376584.6075218748,4916.18021953125,908.2445880867728,553874.7759797876,782308.0764050384
110.2,244,1381500.787741406,6358.859639062501,0.0,557634.5931309006,779623.7234960132
110.2,244,1381500.787741406,6358.859639062501,1072.0377275033288,556613.434307811,779297.3737690486
106.4,245,1387859.647380469,6356.086078125,0.0,561245.4949486268,780476.4437503481
106.4,245,1387859.647380469,6356.086078125,1049.8399254870712,562003.4685080346,779750.0524225817
102.5,246,1394215.7334585935,6202.619278125,0.0,565477.5139886473,779139.4626108387
102.5,246,1394215.7334585935,6202.619278125,1002.8132849747864,564477.4099866538,779065.7707370078
98.8,247,1400418.3527367187,6323.7772781250005,0.0,569414.9655363109,777661.2553800672
98.8,247,1400418.3527367187,6323.7772781250005,753.6178239047134,569678.1793718465,776955.0963519046
94.9,248,1406742.1300148438,5874.0752390625,0.0,572192.2425874321,781784.538797517
94.9,248,1406742.1300148438,5874.0752390625,775.6764605160972,572960.7435573848,781889.8129029922
91.3,249,1412616.2052539063,6324.844078125,0.0,577628.6133247284,781765.2718786772
91.3,249,1412616.2052539063,6324.844078125,859.3858239274234,577186.4620817434,781028.3531403627
87.4,250,1418941.0493320313,6097.859160937501,0.0,583180.0202002571,780043.9402527082
87.4,250,1418941.0493320313,6097.859160937501,1224.8382240538642,583230.0468292456,778820.1216336194
83.6,251,1425038.9084929689,6483.187678125,0.0,588195.6659497475,776549.7196161991
83.6,251,1425038.9084929689,6483.187678125,969.7205845159511,587290.3086426781,776202.3150681383
79.6,252,1431522.096171094,7024.329121875,0.0,584236.1685509383,773474.1928283821
79.6,252,1431522.096171094,7024.329121875,983.18468566061,584619.5536566401,774379.5501354514
75.0,253,1438546.425292969,3551.74301953125,0.0,581146.8590352482,770575.8844687286
75.0,253,1438546.425292969,3551.74301953125,989.3512100843996,580247.9091377709,770989.0537003953
73.1,254,1442098.1683125002,5870.935560937501,0.0,579522.3276183733,767502.5691961616
73.1,254,1442098.1683125002,5870.935560937501,991.7105415782804,578572.2216735149,767786.8092809367
69.5,255,1447969.1038734375,6570.208078125001,0.0,577851.9880021478,762017.788301011
69.5,255,1447969.1038734375,6570.208078125001,1188.017143815276,576680.7778639462,762216.9294362103
65.5,256,1454539.3119515628,5342.8392,0.0,581298.8781489753,757479.5946899193
65.5,256,1454539.3119515628,5342.8392,1184.1874486458712,580352.2622930628,756768.1005268499
62.1,257,1459882.1511515628,6806.3060390625005,0.0,584025.3547534398,752805.5766290475
62.1,257,1459882.1511515628,6806.3060390625005,929.483981165194,583203.420232002,752371.5633003536
58.0,258,1466688.4571906254,4851.0140390625,0.0,587537.4147211896,748245.6148645589
58.0,258,1466688.4571906254,4851.0140390625,1165.9890465059946,587090.5971469942,747168.6329937271
55.0,259,1471539.4712296878,4699.345380468751,0.0,591752.6376987554,745935.9303091196
55.0,259,1471539.4712296878,4699.345380468751,1151.88435781735,591354.7241828825,744854.9549555449
52.1,260,1476238.8166101566,4816.66301953125,0.0,596276.9764488038,744923.6757011064
52.1,260,1476238.8166101566,4816.66301953125,1130.6348722463426,595926.0246680895,743848.8858726706
49.0,261,1481055.4796296875,5203.2104390625,0.0,600511.9872425196,742435.2621048798
49.0,261,1481055.4796296875,5203.2104390625,1311.4273644621553,599846.4725541001,741305.2449319371
45.8,262,1486258.6900687502,5403.555121875001,0.0,604575.7877039055,739010.7879644989
45.8,262,1486258.6900687502,5403.555121875001,1328.5459146201697,603638.00346552,738069.7236576378
42.4,263,1491662.245190625,6032.754,0.0,608983.5189310865,736144.1875947524
42.4,263,1491662.245190625,6032.754,1067.3857409237742,608295.1915091826,735328.3921317562
38.7,264,1497694.999190625,6510.467278125,0.0,612989.650775622,731748.9153241769
38.7,264,1497694.999190625,6510.467278125,1058.533749755257,612347.9324263145,730907.0746376327
34.6,265,1504205.46646875,5392.003678125,0.0,618874.6679094255,730367.1713482967
34.6,265,1504205.46646875,5392.003678125,1097.681955316794,618711.6921706315,729281.6533137943
31.4,266,1509597.4701468751,5657.941678125,0.0,620657.8593742037,725496.2799374906
31.4,266,1509597.4701468751,5657.941678125,968.936802402932,619688.9578990104,725504.7778068966
28.0,267,1515255.411825,6062.5940390625,0.0,623910.0061771745,721961.6884846085
28.0,267,1515255.411825,6062.5940390625,1150.7322242509583,623372.811448261,720944.0383620656
24.2,268,1521318.0058640626,7091.994721875,0.0,629582.0525336359,720065.0265216896
24.2,268,1521318.0058640626,7091.994721875,1041.8192251217602,629143.5806680905,719119.968818414
19.9,269,1528410.0005859376,6346.7283609375,0.0,634802.6400675073,720913.5566768106
19.9,269,1528410.0005859376,6346.7283609375,1364.911673091594,635507.9765741773,719745.0141060594
16.0,270,1534756.728946875,6399.7028390625,0.0,640946.2600459079,718750.6268888413
16.0,270,1534756.728946875,6399.7028390625,1008.7999382935604,640245.7900442011,718024.6632789191
12.0,271,1541156.4317859376,6506.2608,0.0,645232.8504316688,713952.9810849022
12.0,271,1541156.4317859376,6506.2608,1150.9213879500842,644353.4740336582,713210.4701487143
8.0,272,1547662.6925859377,6376.964878125001,0.0,649868.2661453644,709514.6145164684
8.0,272,1547662.6925859377,6376.964878125001,1086.7807384622222,649094.6633392685,708751.3086824303
4.0,273,1554039.6574640628,4847.78298046875,0.0,654089.138973897,704639.706419997
4.0,273,1554039.6574640628,4847.78298046875,1489.464759032257,652841.8024818592,703825.6635353294
1.1,274,1558887.4404445316,1448.074290234375,0.0,656437.3902330891,700350.1133163902
1.1,274,1558887.4404445316,1448.074290234375,1514.572003898793,655098.8247657485,699641.4667046167
0.1,275,1560335.514734766,805.2206548828126,0.0,657765.9156303947,699451.6620859781
0.1,275,1560335.514734766,805.2206548828126,2383.111235918183,655634.3918787645,698385.9002101631
0.1,275,1560335.514734766,805.2206548828126,2908.8941148047543,655108.8106797349,698371.3007324105
-0.4,276,1561140.7353896487,778.733490234375,0.0,658364.4942181815,697612.1278893665
-0.4,276,1561140.7353896487,778.733490234375,833.9268967355972,657550.0935336623,697791.5390815992
-0.4,276,1561140.7353896487,778.733490234375,1357.39375723016,657091.7957850677,698044.4853678792
-0.4,276,1561140.7353896487,778.733490234375,3280.903143448795,655211.0070239909,697641.3268448686
-0.4,276,1561140.7353896487,778.733490234375,3397.21815082479,655097.3325096958,697665.9711110886
-0.9,277,1561919.4688798832,1911.30941953125,0.0,656905.5112850445,697046.5024565699
-0.9,277,1561919.4688798832,1911.30941953125,392.3754039812727,656520.4361754787,696971.1616742667
-0.9,277,1561919.4688798832,1911.30941953125,1738.9131570507966,655222.9004802061,697331.1231897272
-2.1,278,1563830.7782994143,1275.22218046875,0.0,656597.9574103235,695028.0203274605
-2.1,278,1563830.7782994143,1275.22218046875,2001.615810060136,654641.6273917065,695451.4051822342
-2.9,279,1565106.000479883,2403.43938046875,0.0,656037.5133016123,693767.6623164857
-2.9,279,1565106.000479883,2403.43938046875,1701.6816747376392,654415.9287086594,694283.6037016764
-4.4,280,1567509.4398603518,4265.8587609375,0.0,655327.5813308429,691382.5024538024
-4.4,280,1567509.4398603518,4265.8587609375,2147.343750811734,653341.7884631781,692199.6501242255
-7.0,281,1571775.2986212894,4285.3966195312505,0.0,652939.9334577699,687769.8117070623
-7.0,281,1571775.2986212894,4285.3966195312505,2630.472550425496,650624.9441790449,689018.9066416277
-9.7,282,1576060.6952408208,7429.5,0.0,650530.3781501468,684193.0771965781
-9.7,282,1576060.6952408208,7429.5,2100.283457950745,648721.4607242895,685260.3288046757
-14.3,283,1583490.1952408208,8546.7140390625,0.0,646740.1257841373,677863.521240378
-14.3,283,1583490.1952408208,8546.7140390625,2305.776916945749,644705.4593355225,678948.3073483708
-19.6,284,1592036.9092798834,,0.0,643147.0291707829,670049.318235368
-19.6,284,1592036.9092798834,,3796.8392304484623,639849.4185435317,671931.2879367813
